{
  "Author": "Aireil, Nuko",
  "Name": "FF Logs Viewer (CN)",
  "InternalName": "FFLogsViewer",
  "AssemblyVersion": "2.3.0.0",
  "Description": "View FF Logs ranking percentiles in-game. Add a context menu to open someone's logs. Layout, style, stats, default metric, and more are all customizable in the settings.",
  "ApplicableVersion": "any",
  "RepoUrl": "https://github.com/NukoOoOoOoO/FFLogsViewer",
  "Tags": [
    "FFLogs"
  ],
  "DalamudApiLevel": 13,
  "LoadRequiredState": 0,
  "LoadSync": false,
  "CanUnloadAsync": false,
  "LoadPriority": 0,
  "ImageUrls": [
    "https://github.com/Aireil/FFLogsViewer/raw/master/res/image1.png",
    "https://github.com/Aireil/FFLogsViewer/raw/master/res/image2.png"
  ],
  "IconUrl": "https://github.com/NukoOoOoOoO/FFLogsViewer/raw/master/res/icon.png",
  "Punchline": "View FF Logs ranking percentiles in-game.",
  "Changelog": "-2.3.0.0\n    Default layout update + 7.3 update.",
  "AcceptsFeedback": true
}